品牌,品牌地址
奥迪,https://www.che168.com/china/aodi/#pvareaid=100511
阿尔法·罗密欧,https://www.che168.com/china/aerfaluomiou/#pvareaid=100511
阿斯顿·马丁,https://www.che168.com/china/asidunmading/#pvareaid=100511
AC Schnitzer,https://www.che168.com/china/acschnitzer/#pvareaid=100511
安凯客车,https://www.che168.com/china/ankaikeche/#pvareaid=100511
ARCFOX,https://www.che168.com/china/arcfox/#pvareaid=100511
ALPINA,https://www.che168.com/china/alpina/#pvareaid=100511
比速汽车,https://www.che168.com/china/bisuqiche/#pvareaid=100511
北汽道达,https://www.che168.com/china/beiqidaoda/#pvareaid=100511
宝沃,https://www.che168.com/china/baowo/#pvareaid=100511
北汽新能源,https://www.che168.com/china/beiqixinnengyuan/#pvareaid=100511
北汽幻速,https://www.che168.com/china/beiqihuansu/#pvareaid=100511
北汽绅宝,https://www.che168.com/china/beiqishenbao/#pvareaid=100511
宝骏,https://www.che168.com/china/baojun/#pvareaid=100511
巴博斯,https://www.che168.com/china/babosi/#pvareaid=100511
北汽威旺,https://www.che168.com/china/beiqiweiwang/#pvareaid=100511
北汽制造,https://www.che168.com/china/beiqizhizao/#pvareaid=100511
奔驰,https://www.che168.com/china/benchi/#pvareaid=100511
布加迪,https://www.che168.com/china/bujiadi/#pvareaid=100511
别克,https://www.che168.com/china/bieke/#pvareaid=100511
宾利,https://www.che168.com/china/binli/#pvareaid=100511
保时捷,https://www.che168.com/china/baoshijie/#pvareaid=100511
比亚迪,https://www.che168.com/china/biyadi/#pvareaid=100511
北汽昌河,https://www.che168.com/china/beiqichanghe/#pvareaid=100511
奔腾,https://www.che168.com/china/benteng/#pvareaid=100511
标致,https://www.che168.com/china/biaozhi/#pvareaid=100511
本田,https://www.che168.com/china/bentian/#pvareaid=100511
宝马,https://www.che168.com/china/baoma/#pvareaid=100511
北京,https://www.che168.com/china/beijing/#pvareaid=100511
长安,https://www.che168.com/china/changan/#pvareaid=100511
长城,https://www.che168.com/china/changcheng/#pvareaid=100511
长安欧尚,https://www.che168.com/china/changanoushang/#pvareaid=100511
成功汽车,https://www.che168.com/china/chenggongqiche/#pvareaid=100511
长安轻型车,https://www.che168.com/china/changanqingxingche/#pvareaid=100511
长安跨越,https://www.che168.com/china/changankuayue/#pvareaid=100511
电咖,https://www.che168.com/china/dianka/#pvareaid=100511
东风风光,https://www.che168.com/china/dongfengfengguang/#pvareaid=100511
东风风行,https://www.che168.com/china/dongfengfengxing/#pvareaid=100511
DS,https://www.che168.com/china/ds/#pvareaid=100511
东风风度,https://www.che168.com/china/dongfengfengdu/#pvareaid=100511
东风小康,https://www.che168.com/china/dongfengxiaokang/#pvareaid=100511
东风风神,https://www.che168.com/china/dongfengfengshen/#pvareaid=100511
东南,https://www.che168.com/china/dongnan/#pvareaid=100511
道奇,https://www.che168.com/china/daoqi/#pvareaid=100511
大发,https://www.che168.com/china/dafa/#pvareaid=100511
东风,https://www.che168.com/china/dongfeng/#pvareaid=100511
大众,https://www.che168.com/china/dazhong/#pvareaid=100511
丰田,https://www.che168.com/china/fengtian/#pvareaid=100511
福特,https://www.che168.com/china/fute/#pvareaid=100511
菲亚特,https://www.che168.com/china/feiyate/#pvareaid=100511
福田,https://www.che168.com/china/futian/#pvareaid=100511
法拉利,https://www.che168.com/china/falali/#pvareaid=100511
福迪,https://www.che168.com/china/fudi/#pvareaid=100511
福汽启腾,https://www.che168.com/china/fuqiqiteng/#pvareaid=100511
福田乘用车,https://www.che168.com/china/futianchengyongche/#pvareaid=100511
广汽新能源,https://www.che168.com/china/guangqixinnengyuan/#pvareaid=100511
国金汽车,https://www.che168.com/china/guojinqiche/#pvareaid=100511
观致,https://www.che168.com/china/guanzhi/#pvareaid=100511
GMC,https://www.che168.com/china/gmc/#pvareaid=100511
广汽吉奥,https://www.che168.com/china/guangqijiao/#pvareaid=100511
光冈,https://www.che168.com/china/guanggang/#pvareaid=100511
广汽传祺,https://www.che168.com/china/guangqichuanqi/#pvareaid=100511
悍马,https://www.che168.com/china/hanma/#pvareaid=100511
黄海,https://www.che168.com/china/huanghai/#pvareaid=100511
红旗,https://www.che168.com/china/hongqi/#pvareaid=100511
华普,https://www.che168.com/china/huapu/#pvareaid=100511
海马,https://www.che168.com/china/haima/#pvareaid=100511
华泰,https://www.che168.com/china/huatai/#pvareaid=100511
哈飞,https://www.che168.com/china/hafei/#pvareaid=100511
海格,https://www.che168.com/china/haige/#pvareaid=100511
华骐,https://www.che168.com/china/huaqi/#pvareaid=100511
哈弗,https://www.che168.com/china/hafu/#pvareaid=100511
恒天,https://www.che168.com/china/hengtian/#pvareaid=100511
华凯,https://www.che168.com/china/huakai/#pvareaid=100511
华泰新能源,https://www.che168.com/china/huataixinnengyuan/#pvareaid=100511
汉腾汽车,https://www.che168.com/china/hantengqiche/#pvareaid=100511
华利,https://www.che168.com/china/huali/#pvareaid=100511
华颂,https://www.che168.com/china/huasong/#pvareaid=100511
Icona,https://www.che168.com/china/icona/#pvareaid=100511
金旅,https://www.che168.com/china/jinlv/#pvareaid=100511
江铃集团轻汽,https://www.che168.com/china/jianglingjituanqingqi/#pvareaid=100511
九龙,https://www.che168.com/china/jiulong/#pvareaid=100511
金龙,https://www.che168.com/china/jinlong/#pvareaid=100511
江铃,https://www.che168.com/china/jiangling/#pvareaid=100511
吉利汽车,https://www.che168.com/china/jiliqiche/#pvareaid=100511
Jeep,https://www.che168.com/china/jeep/#pvareaid=100511
捷豹,https://www.che168.com/china/jiebao/#pvareaid=100511
金杯,https://www.che168.com/china/jinbei/#pvareaid=100511
江淮,https://www.che168.com/china/jianghuai/#pvareaid=100511
江铃集团新能源,https://www.che168.com/china/jianglingjituanxinnengyuan/#pvareaid=100511
君马汽车,https://www.che168.com/china/junmaqiche/#pvareaid=100511
科尼赛克,https://www.che168.com/china/kenisaike/#pvareaid=100511
开瑞,https://www.che168.com/china/kairui/#pvareaid=100511
凯迪拉克,https://www.che168.com/china/kaidilake/#pvareaid=100511
克莱斯勒,https://www.che168.com/china/kelaisile/#pvareaid=100511
KTM,https://www.che168.com/china/ktm/#pvareaid=100511
卡尔森,https://www.che168.com/china/kaersen/#pvareaid=100511
凯翼,https://www.che168.com/china/kaiyi/#pvareaid=100511
康迪全球鹰,https://www.che168.com/china/kangdiquanqiuying/#pvareaid=100511
卡升,https://www.che168.com/china/kasheng/#pvareaid=100511
卡威,https://www.che168.com/china/kawei/#pvareaid=100511
陆地方舟,https://www.che168.com/china/ludifangzhou/#pvareaid=100511
Lorinser,https://www.che168.com/china/lorinser/#pvareaid=100511
理念,https://www.che168.com/china/linian/#pvareaid=100511
雷诺,https://www.che168.com/china/leinuo/#pvareaid=100511
兰博基尼,https://www.che168.com/china/lanbojini/#pvareaid=100511
路虎,https://www.che168.com/china/luhu/#pvareaid=100511
路特斯,https://www.che168.com/china/lutesi/#pvareaid=100511
林肯,https://www.che168.com/china/linken/#pvareaid=100511
雷克萨斯,https://www.che168.com/china/leikesasi/#pvareaid=100511
铃木,https://www.che168.com/china/lingmu/#pvareaid=100511
劳斯莱斯,https://www.che168.com/china/laosilaisi/#pvareaid=100511
陆风,https://www.che168.com/china/lufeng/#pvareaid=100511
莲花汽车,https://www.che168.com/china/lianhuaqiche/#pvareaid=100511
力帆汽车,https://www.che168.com/china/lifanqiche/#pvareaid=100511
猎豹汽车,https://www.che168.com/china/liebaoqiche/#pvareaid=100511
领克,https://www.che168.com/china/lingke/#pvareaid=100511
LOCAL MOTORS,https://www.che168.com/china/localmotors/#pvareaid=100511
迈巴赫,https://www.che168.com/china/maibahe/#pvareaid=100511
MINI,https://www.che168.com/china/mini/#pvareaid=100511
玛莎拉蒂,https://www.che168.com/china/mashaladi/#pvareaid=100511
马自达,https://www.che168.com/china/mazida/#pvareaid=100511
名爵,https://www.che168.com/china/mingjue/#pvareaid=100511
迈凯伦,https://www.che168.com/china/maikailun/#pvareaid=100511
摩根,https://www.che168.com/china/mogen/#pvareaid=100511
南京金龙,https://www.che168.com/china/nanjingjinlong/#pvareaid=100511
纳智捷,https://www.che168.com/china/nazhijie/#pvareaid=100511
欧朗,https://www.che168.com/china/oulang/#pvareaid=100511
欧宝,https://www.che168.com/china/oubao/#pvareaid=100511
讴歌,https://www.che168.com/china/ouge/#pvareaid=100511
帕加尼,https://www.che168.com/china/pajiani/#pvareaid=100511
起亚,https://www.che168.com/china/qiya/#pvareaid=100511
奇瑞,https://www.che168.com/china/qirui/#pvareaid=100511
启辰,https://www.che168.com/china/qichen/#pvareaid=100511
庆铃汽车,https://www.che168.com/china/qinglingqiche/#pvareaid=100511
祺智,https://www.che168.com/china/qizhi/#pvareaid=100511
瑞驰新能源,https://www.che168.com/china/ruichixinnengyuan/#pvareaid=100511
瑞麒,https://www.che168.com/china/ruiqi/#pvareaid=100511
如虎,https://www.che168.com/china/ruhu/#pvareaid=100511
荣威,https://www.che168.com/china/rongwei/#pvareaid=100511
日产,https://www.che168.com/china/richan/#pvareaid=100511
萨博,https://www.che168.com/china/sabo/#pvareaid=100511
斯巴鲁,https://www.che168.com/china/sibalu/#pvareaid=100511
世爵,https://www.che168.com/china/shijue/#pvareaid=100511
斯柯达,https://www.che168.com/china/sikeda/#pvareaid=100511
三菱,https://www.che168.com/china/sanling/#pvareaid=100511
双龙,https://www.che168.com/china/shuanglong/#pvareaid=100511
smart,https://www.che168.com/china/smart/#pvareaid=100511
双环,https://www.che168.com/china/shuanghuan/#pvareaid=100511
思铭,https://www.che168.com/china/siming/#pvareaid=100511
赛麟,https://www.che168.com/china/sailin/#pvareaid=100511
陕汽通家,https://www.che168.com/china/shanqitongjia/#pvareaid=100511
上汽大通,https://www.che168.com/china/shangqidatong/#pvareaid=100511
斯达泰克,https://www.che168.com/china/sidataike/#pvareaid=100511
SWM斯威汽车,https://www.che168.com/china/swmsiweiqiche/#pvareaid=100511
腾势,https://www.che168.com/china/tengshi/#pvareaid=100511
特斯拉,https://www.che168.com/china/tesila/#pvareaid=100511
泰卡特,https://www.che168.com/china/taikate/#pvareaid=100511
五十铃,https://www.che168.com/china/wushiling/#pvareaid=100511
潍柴英致,https://www.che168.com/china/weichaiyingzhi/#pvareaid=100511
五菱汽车,https://www.che168.com/china/wulingqiche/#pvareaid=100511
威麟,https://www.che168.com/china/weilin/#pvareaid=100511
威兹曼,https://www.che168.com/china/weiziman/#pvareaid=100511
沃尔沃,https://www.che168.com/china/woerwo/#pvareaid=100511
WEY,https://www.che168.com/china/wey/#pvareaid=100511
蔚来,https://www.che168.com/china/weilai/#pvareaid=100511
鑫源,https://www.che168.com/china/xinyuan/#pvareaid=100511
雪佛兰,https://www.che168.com/china/xuefolan/#pvareaid=100511
雪铁龙,https://www.che168.com/china/xuetielong/#pvareaid=100511
现代,https://www.che168.com/china/xiandai/#pvareaid=100511
西雅特,https://www.che168.com/china/xiyate/#pvareaid=100511
新凯,https://www.che168.com/china/xinkai/#pvareaid=100511
御捷,https://www.che168.com/china/yujie/#pvareaid=100511
一汽,https://www.che168.com/china/yiqi/#pvareaid=100511
野马汽车,https://www.che168.com/china/yemaqiche/#pvareaid=100511
依维柯,https://www.che168.com/china/yiweike/#pvareaid=100511
永源,https://www.che168.com/china/yongyuan/#pvareaid=100511
英菲尼迪,https://www.che168.com/china/yingfeinidi/#pvareaid=100511
裕路,https://www.che168.com/china/yulu/#pvareaid=100511
宇通客车,https://www.che168.com/china/yutongkeche/#pvareaid=100511
云度,https://www.che168.com/china/yundu/#pvareaid=100511
驭胜,https://www.che168.com/china/yusheng/#pvareaid=100511
中兴,https://www.che168.com/china/zhongxing/#pvareaid=100511
中华,https://www.che168.com/china/zhonghua/#pvareaid=100511
众泰,https://www.che168.com/china/zhongtai/#pvareaid=100511
知豆,https://www.che168.com/china/zhidou/#pvareaid=100511
之诺,https://www.che168.com/china/zhinuo/#pvareaid=100511
